<?xml version="1.0" encoding="UTF-8"?>
<!DOCTYPE suite SYSTEM "https://testng.org/testng-1.0.dtd">

<suite name="OpenCartAppSuite" parallel = "tests">

<test thread-count="5" name="ChromeTest">
<parameter name="browser" value="chrome"/>
    <classes>
      <class name="testCases.Tc_001_AccountRegistrationTest"/>
    </classes>
  </test> 
  
  
   <test thread-count="5" name="EdgeTest">
<parameter name="browser" value="edge"/>  
  <classes>
      <class name="testCases.Tc_001_AccountRegistrationTest"/>
    </classes>
  </test> 
</suite> 