<?xml version="1.0" encoding="UTF-8"?>
<!DOCTYPE suite SYSTEM "https://testng.org/testng-1.0.dtd">

<suite name="OpenCartAppSuite">

<listeners>

<listener class-name="utilities.ExtentReportManager"/>

</listeners>

  <test thread-count="5" name="OpenCartAppTest">
  <parameter name="browser" value="chrome"/>
      
      <groups>
      
      <run>
      
     <!-- <include name="Master" /> -->
			 <include name="Sanity" />
			<!--<include name="Regression" />
			<exclude name="" />-->
      
      </run>
      
      </groups>
      
      <classes>
      <class name="testCases.Tc_001_AccountRegistrationTest"/>
      <class name="testCases.Tc_002_LoginTest"/>
    </classes>
  </test> 
</suite> 